email,vertical,company,city,phone
contact@delomier.fr,immo,Delomier Immobilier,Saint-Étienne,
sylvie.boyer@kwfrance.com,immo,Keller Williams (Sylvie Boyer),Saint-Étienne,
agencechateaucreux@orpi.com,immo,Orpi Agence Château Creux,Saint-Étienne,
ft-stetienne-mimard@foncia.fr,immo,Foncia Saint-Étienne Mimard,Saint-Étienne,
saint-etienneigd@foncia.fr,immo,Foncia Saint-Étienne IGD,Saint-Étienne,
saintetiennenord@guyhoquet.com,immo,Guy Hoquet Saint-Étienne Nord,Saint-Étienne,
contact@henri-pardon-immobilier.fr,immo,Henri Pardon Immobilier,Saint-Étienne,
contact@42emeavenue.com,immo,42ème Avenue Immobilier,Saint-Étienne,
contact@manu-immo.fr,immo,Manu Immo,Saint-Étienne,
gestion@manu-immo.fr,immo,Manu Immo (gestion),Saint-Étienne,
cityzenimmobilier@gmail.com,immo,Cityzen Immobilier,Saint-Étienne,
mathias.vachon@flyliberty.fr,immo,Fly Liberty (Mathias Vachon),Saint-Étienne,
contact@kwfrance.com,immo,Keller Williams France,Saint-Étienne,
